Date,All Grades All Formulations Retail Gasoline Prices (Dollars per Gallon)
1/2/1995,1.127
1/9/1995,1.134
1/16/1995,1.126
1/23/1995,1.132
1/30/1995,1.131
2/6/1995,1.124
2/13/1995,1.121
2/20/1995,1.115
2/27/1995,1.121
3/6/1995,1.123
3/13/1995,1.116
3/20/1995,1.114
3/27/1995,1.121
4/3/1995,1.133
4/10/1995,1.149
4/17/1995,1.163
4/24/1995,1.184
5/1/1995,1.194
5/8/1995,1.216
5/15/1995,1.226
5/22/1995,1.244
5/29/1995,1.246
6/5/1995,1.246
6/12/1995,1.243
6/19/1995,1.236
6/26/1995,1.229
7/3/1995,1.222
7/10/1995,1.212
7/17/1995,1.2
7/24/1995,1.191
7/31/1995,1.179
8/7/1995,1.174
8/14/1995,1.172
8/21/1995,1.171
8/28/1995,1.163
9/4/1995,1.16
9/11/1995,1.158
9/18/1995,1.157
9/25/1995,1.156
10/2/1995,1.151
10/9/1995,1.144
10/16/1995,1.133
10/23/1995,1.125
10/30/1995,1.115
11/6/1995,1.112
11/13/1995,1.109
11/20/1995,1.106
11/27/1995,1.107
12/4/1995,1.108
12/11/1995,1.11
12/18/1995,1.124
12/25/1995,1.128
1/1/1996,1.129
1/8/1996,1.139
1/15/1996,1.145
1/22/1996,1.138
1/29/1996,1.133
2/5/1996,1.13
2/12/1996,1.126
2/19/1996,1.133
2/26/1996,1.153
3/4/1996,1.17
3/11/1996,1.171
3/18/1996,1.181
3/25/1996,1.21
4/1/1996,1.223
4/8/1996,1.248
4/15/1996,1.287
4/22/1996,1.301
4/29/1996,1.318
5/6/1996,1.321
5/13/1996,1.323
5/20/1996,1.33
5/27/1996,1.321
6/3/1996,1.315
6/10/1996,1.307
6/17/1996,1.302
6/24/1996,1.289
7/1/1996,1.279
7/8/1996,1.276
7/15/1996,1.273
7/22/1996,1.272
7/29/1996,1.263
8/5/1996,1.253
8/12/1996,1.248
8/19/1996,1.249
8/26/1996,1.253
9/2/1996,1.242
9/9/1996,1.247
9/16/1996,1.25
9/23/1996,1.251
9/30/1996,1.245
10/7/1996,1.239
10/14/1996,1.248
10/21/1996,1.249
10/28/1996,1.26
11/4/1996,1.268
11/11/1996,1.272
11/18/1996,1.282
11/25/1996,1.289
12/2/1996,1.287
12/9/1996,1.287
12/16/1996,1.283
12/23/1996,1.278
12/30/1996,1.274
1/6/1997,1.272
1/13/1997,1.287
1/20/1997,1.287
1/27/1997,1.284
2/3/1997,1.282
2/10/1997,1.28
2/17/1997,1.273
2/24/1997,1.27
3/3/1997,1.261
3/10/1997,1.253
3/17/1997,1.246
3/24/1997,1.25
3/31/1997,1.246
4/7/1997,1.248
4/14/1997,1.244
4/21/1997,1.245
4/28/1997,1.24
5/5/1997,1.238
5/12/1997,1.238
5/19/1997,1.247
5/26/1997,1.255
6/2/1997,1.258
6/9/1997,1.251
6/16/1997,1.242
6/23/1997,1.232
6/30/1997,1.226
7/7/1997,1.222
7/14/1997,1.219
7/21/1997,1.222
7/28/1997,1.216
8/4/1997,1.237
8/11/1997,1.272
8/18/1997,1.274
8/25/1997,1.288
9/1/1997,1.287
9/8/1997,1.288
9/15/1997,1.281
9/22/1997,1.269
9/29/1997,1.255
10/6/1997,1.254
10/13/1997,1.248
10/20/1997,1.238
10/27/1997,1.228
11/3/1997,1.221
11/10/1997,1.222
11/17/1997,1.213
11/24/1997,1.207
12/1/1997,1.197
12/8/1997,1.187
12/15/1997,1.176
12/22/1997,1.167
12/29/1997,1.158
1/5/1998,1.148
1/12/1998,1.14
1/19/1998,1.129
1/26/1998,1.112
2/2/1998,1.108
2/9/1998,1.101
2/16/1998,1.085
2/23/1998,1.09
3/2/1998,1.075
3/9/1998,1.065
3/16/1998,1.055
3/23/1998,1.047
3/30/1998,1.077
4/6/1998,1.074
4/13/1998,1.072
4/20/1998,1.075
4/27/1998,1.086
5/4/1998,1.095
5/11/1998,1.109
5/18/1998,1.109
5/25/1998,1.108
6/1/1998,1.104
6/8/1998,1.113
6/15/1998,1.104
6/22/1998,1.096
6/29/1998,1.096
7/6/1998,1.097
7/13/1998,1.092
7/20/1998,1.097
7/27/1998,1.088
8/3/1998,1.077
8/10/1998,1.072
8/17/1998,1.065
8/24/1998,1.058
8/31/1998,1.053
9/7/1998,1.046
9/14/1998,1.042
9/21/1998,1.053
9/28/1998,1.053
10/5/1998,1.059
10/12/1998,1.063
10/19/1998,1.058
10/26/1998,1.055
11/2/1998,1.05
11/9/1998,1.048
11/16/1998,1.037
11/23/1998,1.03
11/30/1998,1.015
12/7/1998,0.996
12/14/1998,0.987
12/21/1998,0.986
12/28/1998,0.979
1/4/1999,0.977
1/11/1999,0.982
1/18/1999,0.985
1/25/1999,0.977
2/1/1999,0.971
2/8/1999,0.968
2/15/1999,0.96
2/22/1999,0.949
3/1/1999,0.955
3/8/1999,0.963
3/15/1999,1.017
3/22/1999,1.056
3/29/1999,1.121
4/5/1999,1.158
4/12/1999,1.179
4/19/1999,1.175
4/26/1999,1.171
5/3/1999,1.176
5/10/1999,1.18
5/17/1999,1.18
5/24/1999,1.166
5/31/1999,1.151
6/7/1999,1.152
6/14/1999,1.148
6/21/1999,1.163
6/28/1999,1.153
7/5/1999,1.165
7/12/1999,1.182
7/19/1999,1.208
7/26/1999,1.232
8/2/1999,1.234
8/9/1999,1.246
8/16/1999,1.275
8/23/1999,1.273
8/30/1999,1.273
9/6/1999,1.282
9/13/1999,1.29
9/20/1999,1.307
9/27/1999,1.302
10/4/1999,1.296
10/11/1999,1.29
10/18/1999,1.277
10/25/1999,1.277
11/1/1999,1.271
11/8/1999,1.274
11/15/1999,1.292
11/22/1999,1.309
11/29/1999,1.315
12/6/1999,1.313
12/13/1999,1.315
12/20/1999,1.31
12/27/1999,1.314
1/3/2000,1.312
1/10/2000,1.304
1/17/2000,1.318
1/24/2000,1.354
1/31/2000,1.355
2/7/2000,1.364
2/14/2000,1.394
2/21/2000,1.443
2/28/2000,1.458
3/6/2000,1.539
3/13/2000,1.566
3/20/2000,1.569
3/27/2000,1.549
4/3/2000,1.543
4/10/2000,1.516
4/17/2000,1.486
4/24/2000,1.478
5/1/2000,1.461
5/8/2000,1.495
5/15/2000,1.531
5/22/2000,1.566
5/29/2000,1.579
6/5/2000,1.599
6/12/2000,1.664
6/19/2000,1.711
6/26/2000,1.691
7/3/2000,1.661
7/10/2000,1.63
7/17/2000,1.586
7/24/2000,1.562
7/31/2000,1.514
8/7/2000,1.504
8/14/2000,1.489
8/21/2000,1.508
8/28/2000,1.521
9/4/2000,1.568
9/11/2000,1.598
9/18/2000,1.599
9/25/2000,1.586
10/2/2000,1.563
10/9/2000,1.541
10/16/2000,1.578
10/23/2000,1.588
10/30/2000,1.584
11/6/2000,1.565
11/13/2000,1.562
11/20/2000,1.55
11/27/2000,1.549
12/4/2000,1.526
12/11/2000,1.49
12/18/2000,1.462
12/25/2000,1.453
1/1/2001,1.446
1/8/2001,1.465
1/15/2001,1.513
1/22/2001,1.511
1/29/2001,1.5
2/5/2001,1.483
2/12/2001,1.515
2/19/2001,1.489
2/26/2001,1.471
3/5/2001,1.457
3/12/2001,1.453
3/19/2001,1.444
3/26/2001,1.445
4/2/2001,1.482
4/9/2001,1.54
4/16/2001,1.61
4/23/2001,1.658
4/30/2001,1.665
5/7/2001,1.739
5/14/2001,1.748
5/21/2001,1.724
5/28/2001,1.739
6/4/2001,1.715
6/11/2001,1.688
6/18/2001,1.644
6/25/2001,1.583
7/2/2001,1.52
7/9/2001,1.484
7/16/2001,1.459
7/23/2001,1.44
7/30/2001,1.428
8/6/2001,1.419
8/13/2001,1.434
8/20/2001,1.467
8/27/2001,1.523
9/3/2001,1.579
9/10/2001,1.562
9/17/2001,1.564
9/24/2001,1.522
10/1/2001,1.455
10/8/2001,1.393
10/15/2001,1.351
10/22/2001,1.307
10/29/2001,1.277
11/5/2001,1.249
11/12/2001,1.224
11/19/2001,1.208
11/26/2001,1.168
12/3/2001,1.149
12/10/2001,1.136
12/17/2001,1.101
12/24/2001,1.113
12/31/2001,1.137
1/7/2002,1.152
1/14/2002,1.152
1/21/2002,1.146
1/28/2002,1.142
2/4/2002,1.157
2/11/2002,1.148
2/18/2002,1.157
2/25/2002,1.157
3/4/2002,1.185
3/11/2002,1.262
3/18/2002,1.328
3/25/2002,1.382
4/1/2002,1.412
4/8/2002,1.454
4/15/2002,1.446
4/22/2002,1.446
4/29/2002,1.435
5/6/2002,1.437
5/13/2002,1.431
5/20/2002,1.439
5/27/2002,1.429
6/3/2002,1.433
6/10/2002,1.417
6/17/2002,1.419
6/24/2002,1.425
7/1/2002,1.433
7/8/2002,1.423
7/15/2002,1.435
7/22/2002,1.451
7/29/2002,1.447
8/5/2002,1.437
8/12/2002,1.435
8/19/2002,1.434
8/26/2002,1.444
9/2/2002,1.436
9/9/2002,1.437
9/16/2002,1.442
9/23/2002,1.436
9/30/2002,1.455
10/7/2002,1.48
10/14/2002,1.481
10/21/2002,1.499
10/28/2002,1.485
11/4/2002,1.489
11/11/2002,1.48
11/18/2002,1.451
11/25/2002,1.423
12/2/2002,1.408
12/9/2002,1.404
12/16/2002,1.407
12/23/2002,1.443
12/30/2002,1.484
1/6/2003,1.487
1/13/2003,1.496
1/20/2003,1.502
1/27/2003,1.515
2/3/2003,1.569
2/10/2003,1.649
2/17/2003,1.701
2/24/2003,1.699
3/3/2003,1.726
3/10/2003,1.752
3/17/2003,1.768
3/24/2003,1.732
3/31/2003,1.692
4/7/2003,1.673
4/14/2003,1.639
4/21/2003,1.618
4/28/2003,1.6
5/5/2003,1.556
5/12/2003,1.534
5/19/2003,1.539
5/26/2003,1.528
6/2/2003,1.514
6/9/2003,1.53
6/16/2003,1.558
6/23/2003,1.537
6/30/2003,1.528
7/7/2003,1.53
7/14/2003,1.563
7/21/2003,1.566
7/28/2003,1.558
8/4/2003,1.576
8/11/2003,1.611
8/18/2003,1.668
8/25/2003,1.787
9/1/2003,1.786
9/8/2003,1.758
9/15/2003,1.739
9/22/2003,1.686
9/29/2003,1.635
10/6/2003,1.617
10/13/2003,1.611
10/20/2003,1.612
10/27/2003,1.584
11/3/2003,1.577
11/10/2003,1.547
11/17/2003,1.54
11/24/2003,1.554
12/1/2003,1.533
12/8/2003,1.519
12/15/2003,1.509
12/22/2003,1.528
12/29/2003,1.521
1/5/2004,1.552
1/12/2004,1.603
1/19/2004,1.637
1/26/2004,1.664
2/2/2004,1.66
2/9/2004,1.681
2/16/2004,1.69
2/23/2004,1.73
3/1/2004,1.758
3/8/2004,1.78
3/15/2004,1.767
3/22/2004,1.785
3/29/2004,1.8
4/5/2004,1.822
4/12/2004,1.827
4/19/2004,1.853
4/26/2004,1.853
5/3/2004,1.884
5/10/2004,1.979
5/17/2004,2.055
5/24/2004,2.104
5/31/2004,2.092
6/7/2004,2.075
6/14/2004,2.029
6/21/2004,1.981
6/28/2004,1.965
7/5/2004,1.939
7/12/2004,1.959
7/19/2004,1.971
7/26/2004,1.948
8/2/2004,1.93
8/9/2004,1.92
8/16/2004,1.917
8/23/2004,1.926
8/30/2004,1.909
9/6/2004,1.893
9/13/2004,1.889
9/20/2004,1.908
9/27/2004,1.959
10/4/2004,1.98
10/11/2004,2.035
10/18/2004,2.077
10/25/2004,2.074
11/1/2004,2.076
11/8/2004,2.045
11/15/2004,2.014
11/22/2004,1.992
11/29/2004,1.989
12/6/2004,1.956
12/13/2004,1.893
12/20/2004,1.861
12/27/2004,1.838
1/3/2005,1.824
1/10/2005,1.837
1/17/2005,1.863
1/24/2005,1.896
1/31/2005,1.953
2/7/2005,1.952
2/14/2005,1.941
2/21/2005,1.948
2/28/2005,1.969
3/7/2005,2.04
3/14/2005,2.098
3/21/2005,2.149
3/28/2005,2.194
4/4/2005,2.258
4/11/2005,2.321
4/18/2005,2.28
4/25/2005,2.279
5/2/2005,2.277
5/9/2005,2.231
5/16/2005,2.206
5/23/2005,2.169
5/30/2005,2.141
6/6/2005,2.159
6/13/2005,2.173
6/20/2005,2.204
6/27/2005,2.257
7/4/2005,2.268
7/11/2005,2.369
7/18/2005,2.36
7/25/2005,2.333
8/1/2005,2.335
8/8/2005,2.41
8/15/2005,2.592
8/22/2005,2.654
8/29/2005,2.653
9/5/2005,3.117
9/12/2005,3.002
9/19/2005,2.835
9/26/2005,2.851
10/3/2005,2.975
10/10/2005,2.896
10/17/2005,2.775
10/24/2005,2.652
10/31/2005,2.528
11/7/2005,2.424
11/14/2005,2.342
11/21/2005,2.247
11/28/2005,2.2
12/5/2005,2.191
12/12/2005,2.228
12/19/2005,2.255
12/26/2005,2.241
1/2/2006,2.281
1/9/2006,2.371
1/16/2006,2.366
1/23/2006,2.382
1/30/2006,2.402
2/6/2006,2.388
2/13/2006,2.331
2/20/2006,2.286
2/27/2006,2.298
3/6/2006,2.373
3/13/2006,2.408
3/20/2006,2.548
3/27/2006,2.542
4/3/2006,2.631
4/10/2006,2.727
4/17/2006,2.828
4/24/2006,2.96
5/1/2006,2.966
5/8/2006,2.955
5/15/2006,2.992
5/22/2006,2.938
5/29/2006,2.913
6/5/2006,2.937
6/12/2006,2.951
6/19/2006,2.917
6/26/2006,2.914
7/3/2006,2.979
7/10/2006,3.017
7/17/2006,3.033
7/24/2006,3.048
7/31/2006,3.05
8/7/2006,3.083
8/14/2006,3.047
8/21/2006,2.971
8/28/2006,2.893
9/4/2006,2.777
9/11/2006,2.67
9/18/2006,2.549
9/25/2006,2.429
10/2/2006,2.36
10/9/2006,2.31
10/16/2006,2.274
10/23/2006,2.255
10/30/2006,2.264
11/6/2006,2.246
11/13/2006,2.278
11/20/2006,2.285
11/27/2006,2.292
12/4/2006,2.342
12/11/2006,2.34
12/18/2006,2.366
12/25/2006,2.387
1/1/2007,2.382
1/8/2007,2.354
1/15/2007,2.28
1/22/2007,2.216
1/29/2007,2.213
2/5/2007,2.237
2/12/2007,2.287
2/19/2007,2.341
2/26/2007,2.428
3/5/2007,2.551
3/12/2007,2.605
3/19/2007,2.623
3/26/2007,2.655
4/2/2007,2.753
4/9/2007,2.848
4/16/2007,2.922
4/23/2007,2.917
4/30/2007,3.017
5/7/2007,3.097
5/14/2007,3.143
5/21/2007,3.258
5/28/2007,3.25
6/4/2007,3.2
6/11/2007,3.122
6/18/2007,3.057
6/25/2007,3.029
7/2/2007,3.005
7/9/2007,3.026
7/16/2007,3.092
7/23/2007,3.005
7/30/2007,2.926
8/6/2007,2.888
8/13/2007,2.821
8/20/2007,2.832
8/27/2007,2.796
9/3/2007,2.84
9/10/2007,2.862
9/17/2007,2.835
9/24/2007,2.86
10/1/2007,2.838
10/8/2007,2.821
10/15/2007,2.813
10/22/2007,2.873
10/29/2007,2.921
11/5/2007,3.06
11/12/2007,3.158
11/19/2007,3.148
11/26/2007,3.147
12/3/2007,3.113
12/10/2007,3.053
12/17/2007,3.05
12/24/2007,3.032
12/31/2007,3.104
1/7/2008,3.159
1/14/2008,3.119
1/21/2008,3.07
1/28/2008,3.03
2/4/2008,3.03
2/11/2008,3.011
2/18/2008,3.092
2/25/2008,3.18
3/3/2008,3.212
3/10/2008,3.273
3/17/2008,3.332
3/24/2008,3.31
3/31/2008,3.339
4/7/2008,3.381
4/14/2008,3.438
4/21/2008,3.557
4/28/2008,3.653
5/5/2008,3.663
5/12/2008,3.771
5/19/2008,3.84
5/26/2008,3.986
6/2/2008,4.026
6/9/2008,4.09
6/16/2008,4.134
6/23/2008,4.131
6/30/2008,4.146
7/7/2008,4.165
7/14/2008,4.164
7/21/2008,4.118
7/28/2008,4.01
8/4/2008,3.935
8/11/2008,3.864
8/18/2008,3.794
8/25/2008,3.738
9/1/2008,3.733
9/8/2008,3.701
9/15/2008,3.887
9/22/2008,3.772
9/29/2008,3.687
10/6/2008,3.543
10/13/2008,3.213
10/20/2008,2.974
10/27/2008,2.718
11/3/2008,2.462
11/10/2008,2.284
11/17/2008,2.132
11/24/2008,1.952
12/1/2008,1.87
12/8/2008,1.758
12/15/2008,1.716
12/22/2008,1.71
12/29/2008,1.67
1/5/2009,1.737
1/12/2009,1.835
1/19/2009,1.898
1/26/2009,1.89
2/2/2009,1.944
2/9/2009,1.978
2/16/2009,2.016
2/23/2009,1.963
3/2/2009,1.988
3/9/2009,1.993
3/16/2009,1.964
3/23/2009,2.014
3/30/2009,2.097
4/6/2009,2.09
4/13/2009,2.104
4/20/2009,2.112
4/27/2009,2.102
5/4/2009,2.129
5/11/2009,2.29
5/18/2009,2.36
5/25/2009,2.485
6/1/2009,2.572
6/8/2009,2.673
6/15/2009,2.722
6/22/2009,2.743
6/29/2009,2.695
7/6/2009,2.666
7/13/2009,2.584
7/20/2009,2.519
7/27/2009,2.557
8/3/2009,2.61
8/10/2009,2.7
8/17/2009,2.691
8/24/2009,2.682
8/31/2009,2.667
9/7/2009,2.642
9/14/2009,2.632
9/21/2009,2.607
9/28/2009,2.554
10/5/2009,2.523
10/12/2009,2.543
10/19/2009,2.626
10/26/2009,2.727
11/2/2009,2.746
11/9/2009,2.72
11/16/2009,2.684
11/23/2009,2.694
11/30/2009,2.684
12/7/2009,2.689
12/14/2009,2.655
12/21/2009,2.645
12/28/2009,2.662
1/4/2010,2.718
1/11/2010,2.804
1/18/2010,2.793
1/25/2010,2.76
2/1/2010,2.717
2/8/2010,2.707
2/15/2010,2.664
2/22/2010,2.709
3/1/2010,2.756
3/8/2010,2.804
3/15/2010,2.841
3/22/2010,2.87
3/29/2010,2.851
4/5/2010,2.877
4/12/2010,2.909
4/19/2010,2.911
4/26/2010,2.901
5/3/2010,2.95
5/10/2010,2.958
5/17/2010,2.918
5/24/2010,2.842
5/31/2010,2.784
6/7/2010,2.78
6/14/2010,2.756
6/21/2010,2.795
6/28/2010,2.809
7/5/2010,2.779
7/12/2010,2.771
7/19/2010,2.775
7/26/2010,2.801
8/2/2010,2.788
8/9/2010,2.835
8/16/2010,2.798
8/23/2010,2.759
8/30/2010,2.736
9/6/2010,2.735
9/13/2010,2.772
9/20/2010,2.775
9/27/2010,2.747
10/4/2010,2.784
10/11/2010,2.871
10/18/2010,2.887
10/25/2010,2.87
11/1/2010,2.861
11/8/2010,2.917
11/15/2010,2.944
11/22/2010,2.931
11/29/2010,2.912
12/6/2010,3.013
12/13/2010,3.035
12/20/2010,3.037
12/27/2010,3.106
1/3/2011,3.124
1/10/2011,3.142
1/17/2011,3.158
1/24/2011,3.163
1/31/2011,3.155
2/7/2011,3.185
2/14/2011,3.193
2/21/2011,3.243
2/28/2011,3.435
3/7/2011,3.572
3/14/2011,3.621
3/21/2011,3.617
3/28/2011,3.65
4/4/2011,3.737
4/11/2011,3.843
4/18/2011,3.896
4/25/2011,3.932
5/2/2011,4.014
5/9/2011,4.018
5/16/2011,4.014
5/23/2011,3.904
5/30/2011,3.848
6/6/2011,3.833
6/13/2011,3.767
6/20/2011,3.708
6/27/2011,3.631
7/4/2011,3.634
7/11/2011,3.695
7/18/2011,3.736
7/25/2011,3.754
8/1/2011,3.766
8/8/2011,3.73
8/15/2011,3.662
8/22/2011,3.638
8/29/2011,3.682
9/5/2011,3.727
9/12/2011,3.715
9/19/2011,3.657
9/26/2011,3.568
10/3/2011,3.492
10/10/2011,3.476
10/17/2011,3.533
10/24/2011,3.52
10/31/2011,3.511
11/7/2011,3.482
11/14/2011,3.495
11/21/2011,3.427
11/28/2011,3.368
12/5/2011,3.35
12/12/2011,3.346
12/19/2011,3.29
12/26/2011,3.317
1/2/2012,3.358
1/9/2012,3.441
1/16/2012,3.451
1/23/2012,3.45
1/30/2012,3.5
2/6/2012,3.542
2/13/2012,3.584
2/20/2012,3.652
2/27/2012,3.78
3/5/2012,3.849
3/12/2012,3.884
3/19/2012,3.923
3/26/2012,3.973
4/2/2012,3.996
4/9/2012,3.997
4/16/2012,3.98
4/23/2012,3.929
4/30/2012,3.889
5/7/2012,3.849
5/14/2012,3.814
5/21/2012,3.773
5/28/2012,3.728
6/4/2012,3.671
6/11/2012,3.629
6/18/2012,3.589
6/25/2012,3.494
7/2/2012,3.415
7/9/2012,3.469
7/16/2012,3.485
7/23/2012,3.554
7/30/2012,3.568
8/6/2012,3.702
8/13/2012,3.779
8/20/2012,3.803
8/27/2012,3.837
9/3/2012,3.903
9/10/2012,3.907
9/17/2012,3.939
9/24/2012,3.889
10/1/2012,3.866
10/8/2012,3.914
10/15/2012,3.886
10/22/2012,3.756
10/29/2012,3.638
11/5/2012,3.563
11/12/2012,3.518
11/19/2012,3.497
11/26/2012,3.505
12/3/2012,3.463
12/10/2012,3.419
12/17/2012,3.324
12/24/2012,3.328
12/31/2012,3.369
1/7/2013,3.373
1/14/2013,3.377
1/21/2013,3.386
1/28/2013,3.427
2/4/2013,3.604
2/11/2013,3.677
2/18/2013,3.812
2/25/2013,3.851
3/4/2013,3.826
3/11/2013,3.779
3/18/2013,3.764
3/25/2013,3.746
4/1/2013,3.714
4/8/2013,3.676
4/15/2013,3.611
4/22/2013,3.603
4/29/2013,3.587
5/6/2013,3.602
5/13/2013,3.665
5/20/2013,3.729
5/27/2013,3.704
6/3/2013,3.705
6/10/2013,3.715
6/17/2013,3.689
6/24/2013,3.645
7/1/2013,3.567
7/8/2013,3.563
7/15/2013,3.706
7/22/2013,3.751
7/29/2013,3.716
8/5/2013,3.701
8/12/2013,3.633
8/19/2013,3.622
8/26/2013,3.623
9/2/2013,3.678
9/9/2013,3.658
9/16/2013,3.619
9/23/2013,3.567
9/30/2013,3.499
10/7/2013,3.441
10/14/2013,3.43
10/21/2013,3.435
10/28/2013,3.372
11/4/2013,3.343
11/11/2013,3.274
11/18/2013,3.298
11/25/2013,3.372
12/2/2013,3.353
12/9/2013,3.35
12/16/2013,3.321
12/23/2013,3.351
12/30/2013,3.409
1/6/2014,3.411
1/13/2014,3.406
1/20/2014,3.376
1/27/2014,3.375
2/3/2014,3.372
2/10/2014,3.388
2/17/2014,3.457
2/24/2014,3.52
3/3/2014,3.553
3/10/2014,3.584
3/17/2014,3.619
3/24/2014,3.622
3/31/2014,3.651
4/7/2014,3.67
4/14/2014,3.725
4/21/2014,3.758
4/28/2014,3.788
5/5/2014,3.761
5/12/2014,3.746
5/19/2014,3.743
5/26/2014,3.75
6/2/2014,3.765
6/9/2014,3.749
6/16/2014,3.76
6/23/2014,3.778
6/30/2014,3.778
7/7/2014,3.753
7/14/2014,3.712
7/21/2014,3.671
7/28/2014,3.617
8/4/2014,3.595
8/11/2014,3.582
8/18/2014,3.549
8/25/2014,3.532
9/1/2014,3.536
9/8/2014,3.534
9/15/2014,3.485
9/22/2014,3.432
9/29/2014,3.434
10/6/2014,3.382
10/13/2014,3.292
10/20/2014,3.205
10/27/2014,3.139
11/3/2014,3.077
11/10/2014,3.025
11/17/2014,2.978
11/24/2014,2.907
12/1/2014,2.864
12/8/2014,2.767
12/15/2014,2.643
12/22/2014,2.496
12/29/2014,2.392
1/5/2015,2.308
1/12/2015,2.232
1/19/2015,2.157
1/26/2015,2.133
2/2/2015,2.154
2/9/2015,2.276
2/16/2015,2.358
2/23/2015,2.415
3/2/2015,2.556
3/9/2015,2.57
3/16/2015,2.537
3/23/2015,2.538
3/30/2015,2.531
4/6/2015,2.499
4/13/2015,2.494
4/20/2015,2.57
4/27/2015,2.656
5/4/2015,2.749
5/11/2015,2.776
5/18/2015,2.827
5/25/2015,2.857
6/1/2015,2.863
6/8/2015,2.863
6/15/2015,2.918
6/22/2015,2.895
6/29/2015,2.885
7/6/2015,2.877
7/13/2015,2.92
7/20/2015,2.888
7/27/2015,2.833
8/3/2015,2.779
8/10/2015,2.72
8/17/2015,2.803
8/24/2015,2.726
8/31/2015,2.602
9/7/2015,2.532
9/14/2015,2.471
9/21/2015,2.425
9/28/2015,2.418
10/5/2015,2.415
10/12/2015,2.432
10/19/2015,2.374
10/26/2015,2.326
11/2/2015,2.322
11/9/2015,2.335
11/16/2015,2.281
11/23/2015,2.198
11/30/2015,2.165
12/7/2015,2.159
12/14/2015,2.144
12/21/2015,2.133
12/28/2015,2.141
1/4/2016,2.135
1/11/2016,2.104
1/18/2016,2.022
1/25/2016,1.965
2/1/2016,1.932
2/8/2016,1.87
2/15/2016,1.834
2/22/2016,1.837
2/29/2016,1.887
3/7/2016,1.943
3/14/2016,2.062
3/21/2016,2.109
3/28/2016,2.169
4/4/2016,2.185
4/11/2016,2.173
4/18/2016,2.24
4/25/2016,2.265
5/2/2016,2.342
5/9/2016,2.325
5/16/2016,2.345
5/23/2016,2.403
5/30/2016,2.44
6/6/2016,2.482
6/13/2016,2.499
6/20/2016,2.455
6/27/2016,2.432
7/4/2016,2.396
7/11/2016,2.359
7/18/2016,2.336
7/25/2016,2.289
8/1/2016,2.267
8/8/2016,2.256
8/15/2016,2.256
8/22/2016,2.299
8/29/2016,2.341
9/5/2016,2.329
9/12/2016,2.31
9/19/2016,2.333
9/26/2016,2.334
10/3/2016,2.354
10/10/2016,2.381
10/17/2016,2.367
10/24/2016,2.353
10/31/2016,2.341
11/7/2016,2.345
11/14/2016,2.298
11/21/2016,2.269
11/28/2016,2.268
12/5/2016,2.321
12/12/2016,2.347
12/19/2016,2.375
12/26/2016,2.419
1/2/2017,2.485
1/9/2017,2.496
1/16/2017,2.467
1/23/2017,2.436
1/30/2017,2.408
2/6/2017,2.405
2/13/2017,2.418
2/20/2017,2.414
2/27/2017,2.427
3/6/2017,2.452
3/13/2017,2.434
3/20/2017,2.433
3/27/2017,2.428
4/3/2017,2.471
4/10/2017,2.534
4/17/2017,2.546
4/24/2017,2.559
5/1/2017,2.522
5/8/2017,2.484
5/15/2017,2.481
5/22/2017,2.51
5/29/2017,2.516
6/5/2017,2.525
6/12/2017,2.479
6/19/2017,2.433
6/26/2017,2.404
7/3/2017,2.376
7/10/2017,2.411
7/17/2017,2.392
7/24/2017,2.426
7/31/2017,2.467
8/7/2017,2.492
8/14/2017,2.497
8/21/2017,2.474
8/28/2017,2.513
9/4/2017,2.794
9/11/2017,2.8
9/18/2017,2.75
9/25/2017,2.701
10/2/2017,2.682
10/9/2017,2.622
10/16/2017,2.605
10/23/2017,2.594
10/30/2017,2.602
11/6/2017,2.673
11/13/2017,2.706
11/20/2017,2.683
11/27/2017,2.648
12/4/2017,2.617
12/11/2017,2.601
12/18/2017,2.568
12/25/2017,2.589
1/1/2018,2.637
1/8/2018,2.639
1/15/2018,2.673
1/22/2018,2.684
1/29/2018,2.723
2/5/2018,2.753
2/12/2018,2.724
2/19/2018,2.676
2/26/2018,2.666
3/5/2018,2.679
3/12/2018,2.677
3/19/2018,2.716
3/26/2018,2.764
4/2/2018,2.817
4/9/2018,2.811
4/16/2018,2.863
4/23/2018,2.914
4/30/2018,2.961
5/7/2018,2.96
5/14/2018,2.949
5/21/2018,2.999
5/28/2018,3.039
6/4/2018,3.018
6/11/2018,2.989
6/18/2018,2.958
6/25/2018,2.913
7/2/2018,2.924
7/9/2018,2.937
7/16/2018,2.943
7/23/2018,2.911
7/30/2018,2.924
8/6/2018,2.93
8/13/2018,2.921
8/20/2018,2.9
8/27/2018,2.906
9/3/2018,2.903
9/10/2018,2.912
9/17/2018,2.921
9/24/2018,2.923
10/1/2018,2.947
10/8/2018,2.984
10/15/2018,2.961
10/22/2018,2.925
10/29/2018,2.896
11/5/2018,2.84
11/12/2018,2.773
11/19/2018,2.7
11/26/2018,2.63
12/3/2018,2.544
12/10/2018,2.511
12/17/2018,2.46
12/24/2018,2.413
12/31/2018,2.358
1/7/2019,2.329
1/14/2019,2.338
1/21/2019,2.34
1/28/2019,2.343
2/4/2019,2.341
2/11/2019,2.361
2/18/2019,2.4
2/25/2019,2.471
3/4/2019,2.502
3/11/2019,2.549
3/18/2019,2.625
3/25/2019,2.701
4/1/2019,2.77
4/8/2019,2.826
4/15/2019,2.912
4/22/2019,2.926
4/29/2019,2.972
5/6/2019,2.983
5/13/2019,2.954
5/20/2019,2.939
5/27/2019,2.909
6/3/2019,2.893
6/10/2019,2.821
6/17/2019,2.759
6/24/2019,2.741
7/1/2019,2.798
7/8/2019,2.827
7/15/2019,2.86
7/22/2019,2.833
7/29/2019,2.798
8/5/2019,2.772
8/12/2019,2.71
8/19/2019,2.684
8/26/2019,2.661
9/2/2019,2.651
9/9/2019,2.638
9/16/2019,2.64
9/23/2019,2.741
9/30/2019,2.737
10/7/2019,2.742
10/14/2019,2.727
10/21/2019,2.735
10/28/2019,2.692
11/4/2019,2.702
11/11/2019,2.711
11/18/2019,2.688
11/25/2019,2.672
12/2/2019,2.667
12/9/2019,2.652
12/16/2019,2.627
12/23/2019,2.621
12/30/2019,2.658
1/6/2020,2.665
1/13/2020,2.657
1/20/2020,2.625
1/27/2020,2.595
2/3/2020,2.546
2/10/2020,2.511
2/17/2020,2.518
2/24/2020,2.555
3/2/2020,2.514
3/9/2020,2.468
3/16/2020,2.343
3/23/2020,2.217
3/30/2020,2.103
4/6/2020,2.022
4/13/2020,1.951
4/20/2020,1.91
4/27/2020,1.87
5/4/2020,1.883
5/11/2020,1.941
5/18/2020,1.969
5/25/2020,2.049
6/1/2020,2.064
6/8/2020,2.123
6/15/2020,2.185
6/22/2020,2.216
6/29/2020,2.26
7/6/2020,2.265
7/13/2020,2.283
7/20/2020,2.275
7/27/2020,2.265
8/3/2020,2.266
8/10/2020,2.256
8/17/2020,2.256
8/24/2020,2.272
8/31/2020,2.311
9/7/2020,2.302
9/14/2020,2.274
9/21/2020,2.259
9/28/2020,2.259
10/5/2020,2.262
10/12/2020,2.257
10/19/2020,2.24
10/26/2020,2.234
11/2/2020,2.204
11/9/2020,2.188
11/16/2020,2.202
11/23/2020,2.194
11/30/2020,2.211
12/7/2020,2.246
12/14/2020,2.247
12/21/2020,2.311
12/28/2020,2.33
1/4/2021,2.336
1/11/2021,2.403
1/18/2021,2.464
1/25/2021,2.478
